ID,Name,Subtitle (Specs),Category,Current Price (SEK),Regular Price (SEK),Discount (SEK),Rating,Review Count,Web Stock,Supplier Stock,Store Stock,Total Stock,Is Available,Date Scraped,VRAM (GB),Manufacturer,PCI Gen,Clock Speed (MHz),AIB,GPU Model,AIB Tier
236432,ASUS GeForce GT 730 2GB Silent Low Profile,NVIDIA Geforce / PCI Express 2.0 / 902 MHz,Datorkomponenter/Grafikkort GPU/GeForce GT GTX,999.0,999.0,0.0,5.0,4.0,0,0,0,0,False,2026-02-22,2.0,NVIDIA Geforce,PCI Express 2.0,902.0,ASUS,GT 730 2GB,Value
269621,ASUS GeForce GT 1030 Silent 2GB,NVIDIA Geforce / PCI Express 3.0 / 2 GB / 1266 MHz,Datorkomponenter/Grafikkort GPU/GeForce GT GTX,1249.0,1249.0,0.0,4.9,10.0,18,0,8,26,True,2026-02-22,2.0,NVIDIA Geforce,PCI Express 3.0,1266.0,ASUS,GT 1030 2GB,Value
281865,ASUS GeForce GT 1030 2GB,NVIDIA Geforce / PCI Express 3.0 / 2 GB / 1266 MHz,Datorkomponenter/Grafikkort GPU/GeForce GT GTX,1249.0,1249.0,0.0,5.0,2.0,0,0,0,0,False,2026-02-22,2.0,NVIDIA Geforce,PCI Express 3.0,1266.0,ASUS,GT 1030 2GB,Value
371830,ASRock Intel Arc A310 Low Profile 4GB,Intel Arc / Intel / PCI Express 4.0 x8 / 4 GB / 2000 MHz,Datorkomponenter/Grafikkort GPU/Intel Arc,1499.0,1499.0,0.0,5.0,2.0,0,0,0,0,False,2026-02-22,4.0,Intel Arc,PCI Express 4.0,2000.0,ASRock,Arc A310 4GB,Value
377618,Sparkle Intel Arc A310 Omni View 4GB,Intel Arc / Intel / PCI Express 4.0 x8 / 4 GB,Datorkomponenter/Grafikkort GPU/Intel Arc,1549.0,1549.0,0.0,,,6,0,0,6,True,2026-02-22,4.0,Intel Arc,PCI Express 4.0,,Sparkle,Arc A310 4GB,Uncategorized
365398,ASRock Intel Arc A380 6GB Challenger ITX OC,Intel Arc / Intel / PCI Express 4.0 x8 / 6 GB / 2250 MHz,Datorkomponenter/Grafikkort GPU/Intel Arc,1829.0,1829.0,0.0,4.8,5.0,0,0,0,0,False,2026-02-22,6.0,Intel Arc,PCI Express 4.0,2250.0,ASRock,Arc A380 6GB,Value
369000,ASUS Dual GeForce RTX 3050 6GB OC,NVIDIA Geforce / PCI Express 4.0 / 6 GB,Datorkomponenter/Grafikkort GPU/GeForce RTX,2181.0,2181.0,0.0,4.6,8.0,4,0,23,27,True,2026-02-22,6.0,NVIDIA Geforce,PCI Express 4.0,,ASUS,RTX 3050 6GB,Value
366030,ASRock Intel Arc A580 8GB Challenger,Intel Arc / Intel / PCI Express 4.0 x16 / 8 GB / 2000 MHz,Datorkomponenter/Grafikkort GPU/Intel Arc,2299.0,2299.0,0.0,5.0,1.0,1,0,1,2,True,2026-02-22,8.0,Intel Arc,PCI Express 4.0,2000.0,ASRock,Arc A580 8GB,Value
392274,Gigabyte Geforce RTX 3050 WINDFORCE V2 OC 6GB,NVIDIA Geforce / PCI Express 4.0 / 6 GB / 1477 MHz,Datorkomponenter/Grafikkort GPU/GeForce RTX,2429.0,2429.0,0.0,,,51,0,28,79,True,2026-02-22,6.0,NVIDIA Geforce,PCI Express 4.0,1477.0,Gigabyte,RTX 3050 6GB,Value
371754,ASRock Radeon RX 6600 Challenger D 8GB,AMD Radeon / PCI Express 4.0 / 8 GB / 1626 MHz,Datorkomponenter/Grafikkort GPU/AMD Radeon,2499.0,2499.0,0.0,,,0,0,0,0,False,2026-02-22,8.0,AMD Radeon,PCI Express 4.0,1626.0,ASRock,RX 6600 8GB,Value
377040,Intel Arc B580 12GB Limited Edition,Intel Arc / Intel / PCI Express 4.0 x8 / 12 GB / 2670 MHz,Datorkomponenter/Grafikkort GPU/Intel Arc,2799.0,2799.0,0.0,4.8,13.0,40,0,15,55,True,2026-02-22,12.0,Intel Arc,PCI Express 4.0,2670.0,Intel,Arc B580 12GB,Uncategorized
387621,ASUS Dual GeForce RTX 5050 8GB OC,NVIDIA Geforce / PCI Express 5.0 / 8 GB,Datorkomponenter/Grafikkort GPU/GeForce RTX,2799.0,3190.0,391.0,5.0,1.0,46,0,22,68,True,2026-02-22,8.0,NVIDIA Geforce,PCI Express 5.0,,ASUS,RTX 5050 8GB,Value
392799,Gigabyte GeForce RTX 5050 WINDFORCE OC 8GB,NVIDIA Geforce / PCI Express 5.0 / 8 GB / 2587 MHz,Datorkomponenter/Grafikkort GPU/GeForce RTX,2799.0,2799.0,0.0,,,20,0,10,30,True,2026-02-22,8.0,NVIDIA Geforce,PCI Express 5.0,2587.0,Gigabyte,RTX 5050 8GB,Value
371160,Sparkle Intel Arc A580 ORC OC 8GB,Intel Arc / Intel / PCI Express 4.0 x16 / 8 GB,Datorkomponenter/Grafikkort GPU/Intel Arc,2799.0,2799.0,0.0,,,2,0,3,5,True,2026-02-22,8.0,Intel Arc,PCI Express 4.0,,Sparkle,Arc A580 8GB,Value
377617,Sparkle Intel Arc B570 GUARDIAN Luna 10GB OC,Intel Arc / Intel / PCI Express 4.0 x16 (x8 mode) / 10 GB,Datorkomponenter/Grafikkort GPU/Intel Arc,2899.0,2899.0,0.0,4.0,3.0,1,0,0,1,True,2026-02-22,10.0,Intel Arc,PCI Express 4.0,,Sparkle,Arc B570 10GB,Performance
377180,Sparkle Intel Arc B570 GUARDIAN OC 10GB,Intel Arc / Intel / PCI Express 4.0 x16 (x8 mode) / 10 GB,Datorkomponenter/Grafikkort GPU/Intel Arc,3217.0,3217.0,0.0,4.0,3.0,2,0,4,6,True,2026-02-22,10.0,Intel Arc,PCI Express 4.0,,Sparkle,Arc B570 10GB,Performance
377616,Sparkle Intel Arc B580 GUARDIAN 12GB,Intel Arc / Intel / PCI Express 4.0 x8 / 12 GB,Datorkomponenter/Grafikkort GPU/Intel Arc,3347.0,3347.0,0.0,4.0,1.0,7,0,0,7,True,2026-02-22,12.0,Intel Arc,PCI Express 4.0,,Sparkle,Arc B580 12GB,Performance
377161,ASRock Intel Arc B570 Challenger 10GB OC,Intel Arc / Intel / PCI Express 4.0 x8 / 10 GB / 2600 MHz,Datorkomponenter/Grafikkort GPU/Intel Arc,3390.0,3390.0,0.0,,,3,0,5,8,True,2026-02-22,10.0,Intel Arc,PCI Express 4.0,2600.0,ASRock,Arc B570 10GB,Value
377038,ASRock Intel Arc B580 Challenger 12GB OC,Intel Arc / Intel / PCI Express 4.0 x8 / 12 GB / 2740 MHz,Datorkomponenter/Grafikkort GPU/Intel Arc,3499.0,3499.0,0.0,4.0,2.0,11,0,5,16,True,2026-02-22,12.0,Intel Arc,PCI Express 4.0,2740.0,ASRock,Arc B580 12GB,Value
371753,ASRock Radeon RX 7600 Challenger 8GB OC,AMD Radeon / PCI Express 4.0 x8 / 8 GB / 1770 MHz,Datorkomponenter/Grafikkort GPU/AMD Radeon,3499.0,3499.0,0.0,5.0,1.0,0,0,0,0,False,2026-02-22,8.0,AMD Radeon,PCI Express 4.0,1770.0,ASRock,RX 7600 8GB,Value
377037,ASRock Intel Arc B580 Steel Legend 12GB OC,Intel Arc / Intel / PCI Express 4.0 x8 / 12 GB / 2800 MHz,Datorkomponenter/Grafikkort GPU/Intel Arc,3499.0,3499.0,0.0,5.0,6.0,0,0,0,0,False,2026-02-22,12.0,Intel Arc,PCI Express 4.0,2800.0,ASRock,Arc B580 12GB,Performance
389969,Gigabyte GeForce RTX 5060 WINDFORCE OC 8GB,NVIDIA Geforce / PCI Express 5.0 / 8 GB / 2512 MHz,Datorkomponenter/Grafikkort GPU/GeForce RTX,3590.0,3590.0,0.0,,,51,0,1,52,True,2026-02-22,8.0,NVIDIA Geforce,PCI Express 5.0,2512.0,Gigabyte,RTX 5060 8GB,Value
385266,ASUS Dual GeForce RTX 5060 8GB,NVIDIA Geforce / PCI Express 5.0 / 8 GB,Datorkomponenter/Grafikkort GPU/GeForce RTX,3659.0,3659.0,0.0,,,0,0,0,0,False,2026-02-22,8.0,NVIDIA Geforce,PCI Express 5.0,,ASUS,RTX 5060 8GB,Value
385269,ASUS Dual GeForce RTX 5060 8GB OC,NVIDIA Geforce / PCI Express 5.0 / 8 GB,Datorkomponenter/Grafikkort GPU/GeForce RTX,3790.0,3790.0,0.0,5.0,2.0,49,0,7,56,True,2026-02-22,8.0,NVIDIA Geforce,PCI Express 5.0,,ASUS,RTX 5060 8GB,Value
387622,ASUS PRIME GeForce RTX 5050 8GB,NVIDIA Geforce / PCI Express 5.0 / 8 GB,Datorkomponenter/Grafikkort GPU/GeForce RTX,3790.0,3790.0,0.0,,,0,0,0,0,False,2026-02-22,8.0,NVIDIA Geforce,PCI Express 5.0,,ASUS,RTX 5050 8GB,Value
365397,ASRock Intel Arc A770 16GB Phantom Gaming OC,Intel Arc / Intel / PCI Express 4.0 x16 / 16 GB / 2200 MHz,Datorkomponenter/Grafikkort GPU/Intel Arc,3849.0,3849.0,0.0,5.0,1.0,1,0,1,2,True,2026-02-22,16.0,Intel Arc,PCI Express 4.0,2200.0,ASRock,Arc A770 16GB,Performance
387623,ASUS PRIME GeForce RTX 5050 8GB OC,NVIDIA Geforce / PCI Express 5.0 / 8 GB,Datorkomponenter/Grafikkort GPU/GeForce RTX,3890.0,3890.0,0.0,,,11,0,1,12,True,2026-02-22,8.0,NVIDIA Geforce,PCI Express 5.0,,ASUS,RTX 5050 8GB,Value
392275,Gigabyte GeForce RTX 5060 WINDFORCE 8GB,NVIDIA Geforce / PCI Express 5.0 / 8 GB / 2497 MHz,Datorkomponenter/Grafikkort GPU/GeForce RTX,3899.0,3899.0,0.0,,,0,0,0,0,False,2026-02-22,8.0,NVIDIA Geforce,PCI Express 5.0,2497.0,Gigabyte,RTX 5060 8GB,Value
362431,MSI GeForce RTX 4060 VENTUS 2X BLACK 8GB OC,NVIDIA Geforce / PCI Express 4.0 x8 / 8 GB,Datorkomponenter/Grafikkort GPU/GeForce RTX,3990.0,3990.0,0.0,5.0,4.0,0,0,0,0,False,2026-02-22,8.0,NVIDIA Geforce,PCI Express 4.0,,MSI,RTX 4060 8GB,Value
385889,Gainward GeForce RTX 5060 Ghost 8GB,NVIDIA Geforce / PCI Express 5.0 / 8 GB / 2280 MHz,Datorkomponenter/Grafikkort GPU/GeForce RTX,3999.0,3999.0,0.0,5.0,1.0,1,0,1,2,True,2026-02-22,8.0,NVIDIA Geforce,PCI Express 5.0,2280.0,Gainward,RTX 5060 8GB,Value
387901,Gigabyte Radeon RX 9060 XT GAMING OC 8GB,AMD Radeon / PCI Express 5.0 / 8 GB,Datorkomponenter/Grafikkort GPU/AMD Radeon,4045.0,4045.0,0.0,,,23,0,5,28,True,2026-02-22,8.0,AMD Radeon,PCI Express 5.0,,Gigabyte,RX 9060 XT 8GB,Performance
387624,ASUS GeForce RTX 5060 LP BRK 8GB OC,NVIDIA Geforce / PCI Express 5.0 / 8 GB,Datorkomponenter/Grafikkort GPU/GeForce RTX,4390.0,4390.0,0.0,,,5,0,0,5,True,2026-02-22,8.0,NVIDIA Geforce,PCI Express 5.0,,ASUS,RTX 5060 8GB,Value
385268,ASUS PRIME GeForce RTX 5060 8GB,NVIDIA Geforce / PCI Express 5.0 / 8 GB,Datorkomponenter/Grafikkort GPU/GeForce RTX,4490.0,4490.0,0.0,,,0,0,0,0,False,2026-02-22,8.0,NVIDIA Geforce,PCI Express 5.0,,ASUS,RTX 5060 8GB,Value
387349,Gainward GeForce RTX 5060 Ti Ghost 8GB,NVIDIA Geforce / PCI Express 5.0 / 8 GB / 2407 MHz,Datorkomponenter/Grafikkort GPU/GeForce RTX,4590.0,4590.0,0.0,,,9,0,11,20,True,2026-02-22,8.0,NVIDIA Geforce,PCI Express 5.0,2407.0,Gainward,RTX 5060 Ti 8GB,Value
385949,ASRock Radeon RX 9060 XT Challenger 16GB,AMD Radeon / PCI Express 5.0 x16 / 16 GB,Datorkomponenter/Grafikkort GPU/AMD Radeon,4590.0,4590.0,0.0,,,0,0,0,0,False,2026-02-22,16.0,AMD Radeon,PCI Express 5.0,,ASRock,RX 9060 XT 16GB,Value
389057,ASUS Dual Radeon RX 9060 XT 16GB,AMD Radeon / PCI Express 5.0 / 16 GB,Datorkomponenter/Grafikkort GPU/AMD Radeon,4690.0,4690.0,0.0,,,7,0,10,17,True,2026-02-22,16.0,AMD Radeon,PCI Express 5.0,,ASUS,RX 9060 XT 16GB,Value
384745,ASUS GeForce RTX 5060TI Dual 8GB,NVIDIA Geforce / PCI Express 5.0 / 8 GB,Datorkomponenter/Grafikkort GPU/GeForce RTX,4849.0,4849.0,0.0,,,8,0,1,9,True,2026-02-22,8.0,NVIDIA Geforce,PCI Express 5.0,,ASUS,RTX 5060 Ti 8GB,Value
384742,ASUS GeForce RTX 5060TI Prime 8GB,NVIDIA Geforce / PCI Express 5.0 / 8 GB,Datorkomponenter/Grafikkort GPU/GeForce RTX,4849.0,4849.0,0.0,,,0,0,0,0,False,2026-02-22,8.0,NVIDIA Geforce,PCI Express 5.0,,ASUS,RTX 5060 Ti 8GB,Value
385509,ASUS Radeon RX 9060 XT 8GB Dual,AMD Radeon / PCI Express 5.0 / 8 GB,Datorkomponenter/Grafikkort GPU/AMD Radeon,4859.0,4859.0,0.0,,,1,0,4,5,True,2026-02-22,8.0,AMD Radeon,PCI Express 5.0,,ASUS,RX 9060 XT 8GB,Value
385267,ASUS TUF Gaming GeForce RTX 5060 8GB,NVIDIA Geforce / PCI Express 5.0 / 8 GB,Datorkomponenter/Grafikkort GPU/GeForce RTX,4890.0,4890.0,0.0,,,0,0,0,0,False,2026-02-22,8.0,NVIDIA Geforce,PCI Express 5.0,,ASUS,RTX 5060 8GB,Performance
391967,Gigabyte GeForce RTX 5060 Ti WINDFORCE MAX 8GB,NVIDIA Geforce / PCI Express 5.0 / 8 GB / 2572 MHz,Datorkomponenter/Grafikkort GPU/GeForce RTX,4931.0,4931.0,0.0,,,0,0,0,0,False,2026-02-22,8.0,NVIDIA Geforce,PCI Express 5.0,2572.0,Gigabyte,RTX 5060 Ti 8GB,Value
385270,ASUS TUF Gaming GeForce RTX 5060 8GB OC,NVIDIA Geforce / PCI Express 5.0 / 8 GB,Datorkomponenter/Grafikkort GPU/GeForce RTX,5169.0,5169.0,0.0,,,35,0,5,40,True,2026-02-22,8.0,NVIDIA Geforce,PCI Express 5.0,,ASUS,RTX 5060 8GB,Performance
385510,ASUS Prime Radeon RX 9060 XT OC Edition 8GB,AMD Radeon / PCI Express 5.0 / 8 GB,Datorkomponenter/Grafikkort GPU/AMD Radeon,5190.0,5190.0,0.0,,,19,0,1,20,True,2026-02-22,8.0,AMD Radeon,PCI Express 5.0,,ASUS,RX 9060 XT 8GB,Value
387902,Gigabyte Radeon RX 9060 XT GAMING OC 16GB,AMD Radeon / PCI Express 5.0 / 16 GB,Datorkomponenter/Grafikkort GPU/AMD Radeon,5590.0,5590.0,0.0,5.0,1.0,19,0,8,27,True,2026-02-22,16.0,AMD Radeon,PCI Express 5.0,,Gigabyte,RX 9060 XT 16GB,Performance
384741,ASUS GeForce RTX 5060TI Dual 8GB OC,NVIDIA Geforce / PCI Express 5.0 / 8 GB,Datorkomponenter/Grafikkort GPU/GeForce RTX,5590.0,5590.0,0.0,,,13,0,7,20,True,2026-02-22,8.0,NVIDIA Geforce,PCI Express 5.0,,ASUS,RTX 5060 Ti 8GB,Value
391966,Gigabyte GeForce RTX 5060 Ti WINDFORCE MAX 16GB,NVIDIA Geforce / PCI Express 5.0 / 16 GB / 2587 MHz,Datorkomponenter/Grafikkort GPU/GeForce RTX,5590.0,5590.0,0.0,,,0,0,0,0,False,2026-02-22,16.0,NVIDIA Geforce,PCI Express 5.0,2587.0,Gigabyte,RTX 5060 Ti 16GB,Value
384689,ASUS GeForce RTX 5060TI Prime 8GB OC,NVIDIA Geforce / PCI Express 5.0 / 8 GB,Datorkomponenter/Grafikkort GPU/GeForce RTX,5890.0,5890.0,0.0,5.0,1.0,18,0,6,24,True,2026-02-22,8.0,NVIDIA Geforce,PCI Express 5.0,,ASUS,RTX 5060 Ti 8GB,Value
389967,Gigabyte GeForce RTX 5060 Ti WINDFORCE OC 16GB,NVIDIA Geforce / PCI Express 5.0 / 16 GB / 2587 MHz,Datorkomponenter/Grafikkort GPU/GeForce RTX,6390.0,6390.0,0.0,,,0,0,0,0,False,2026-02-22,16.0,NVIDIA Geforce,PCI Express 5.0,2587.0,Gigabyte,RTX 5060 Ti 16GB,Value
384744,ASUS GeForce RTX 5060TI TUF Gaming 8GB OC,NVIDIA Geforce / PCI Express 5.0 / 8 GB,Datorkomponenter/Grafikkort GPU/GeForce RTX,6390.0,6390.0,0.0,,,0,0,0,0,False,2026-02-22,8.0,NVIDIA Geforce,PCI Express 5.0,,ASUS,RTX 5060 Ti 8GB,Performance
365994,PowerColor Radeon RX 7700 XT Hellhound 12GB,AMD Radeon / PCI Express 4.0 x16 / 12 GB,Datorkomponenter/Grafikkort GPU/AMD Radeon,6399.0,6399.0,0.0,4.5,2.0,1,0,2,3,True,2026-02-22,12.0,AMD Radeon,PCI Express 4.0,,PowerColor,RX 7700 XT 12GB,Performance
378283,Gigabyte GeForce RTX 5070 WINDFORCE OC 12GB,NVIDIA Geforce / PCI Express 5.0 / 12 GB,Datorkomponenter/Grafikkort GPU/GeForce RTX,6490.0,6490.0,0.0,5.0,3.0,51,0,22,73,True,2026-02-22,12.0,NVIDIA Geforce,PCI Express 5.0,,Gigabyte,RTX 5070 12GB,Value
385508,ASUS Prime Radeon RX 9060 XT OC Edition 16GB,AMD Radeon / PCI Express 5.0 / 16 GB,Datorkomponenter/Grafikkort GPU/AMD Radeon,6490.0,6490.0,0.0,,,51,0,1,52,True,2026-02-22,16.0,AMD Radeon,PCI Express 5.0,,ASUS,RX 9060 XT 16GB,Value
385507,ASUS TUF Gaming Radeon RX 9060 XT OC Edition 16GB,AMD Radeon / PCI Express 5.0 / 16 GB,Datorkomponenter/Grafikkort GPU/AMD Radeon,6649.0,6649.0,0.0,4.5,2.0,0,0,0,0,False,2026-02-22,16.0,AMD Radeon,PCI Express 5.0,,ASUS,RX 9060 XT 16GB,Performance
382152,MSI GeForce RTX 5070 12G VENTUS 2X OC,NVIDIA Geforce / PCI Express 5.0 / 12 GB,Datorkomponenter/Grafikkort GPU/GeForce RTX,6681.0,6681.0,0.0,4.5,4.0,0,0,0,0,False,2026-02-22,12.0,NVIDIA Geforce,PCI Express 5.0,,MSI,RTX 5070 12GB,Value
391832,Gigabyte GeForce RTX 5060 Ti EAGLE OC 16GB,NVIDIA Geforce / PCI Express 5.0 / 16 GB / 2617 MHz,Datorkomponenter/Grafikkort GPU/GeForce RTX,6690.0,6690.0,0.0,,,0,0,0,0,False,2026-02-22,16.0,NVIDIA Geforce,PCI Express 5.0,2617.0,Gigabyte,RTX 5060 Ti 16GB,Value
391831,Gigabyte GeForce RTX 5060 Ti AERO OC 16GB,NVIDIA Geforce / PCI Express 5.0 / 16 GB / 2647 MHz,Datorkomponenter/Grafikkort GPU/GeForce RTX,6790.0,6790.0,0.0,,,0,0,0,0,False,2026-02-22,16.0,NVIDIA Geforce,PCI Express 5.0,2647.0,Gigabyte,RTX 5060 Ti 16GB,Performance
391833,Gigabyte GeFroce RTX 5060 Ti EAGLE ICE OC 16GB W,NVIDIA Geforce / PCI Express 5.0 / 16 GB / 2617 MHz,Datorkomponenter/Grafikkort GPU/GeForce RTX,6990.0,6990.0,0.0,,,0,0,0,0,False,2026-02-22,16.0,NVIDIA Geforce,PCI Express 5.0,2617.0,Gigabyte,RTX 5060 Ti 16GB,Value
391835,Gigabyte GeForce RTX 5070 WINDFORCE SFF 12GB,NVIDIA Geforce / PCI Express 5.0 / 12 GB / 2512 MHz,Datorkomponenter/Grafikkort GPU/GeForce RTX,7190.0,7190.0,0.0,,,0,0,0,0,False,2026-02-22,12.0,NVIDIA Geforce,PCI Express 5.0,2512.0,Gigabyte,RTX 5070 12GB,Value
391830,Gigabyte GeForce RTX 5060 Ti GAMING OC 16GB,NVIDIA Geforce / PCI Express 5.0 / 16 GB / 2647 MHz,Datorkomponenter/Grafikkort GPU/GeForce RTX,7190.0,7190.0,0.0,,,0,0,0,0,False,2026-02-22,16.0,NVIDIA Geforce,PCI Express 5.0,2647.0,Gigabyte,RTX 5060 Ti 16GB,Performance
391834,Gigabyte GeForce RTX 5060 Ti AORUS ELITE 16GB,NVIDIA Geforce / PCI Express 5.0 / 16 GB / 2722 MHz,Datorkomponenter/Grafikkort GPU/GeForce RTX,7390.0,7390.0,0.0,,,0,0,0,0,False,2026-02-22,16.0,NVIDIA Geforce,PCI Express 5.0,2722.0,Gigabyte,RTX 5060 Ti 16GB,Halo
383860,ASUS GeForce RTX 5060TI Dual OC 16GB,NVIDIA Geforce / PCI Express 5.0 / 16 GB,Datorkomponenter/Grafikkort GPU/GeForce RTX,7490.0,7490.0,0.0,4.9,10.0,23,0,0,23,True,2026-02-22,16.0,NVIDIA Geforce,PCI Express 5.0,,ASUS,RTX 5060 Ti 16GB,Value
383856,ASUS GeForce RTX 5060TI TUF Gaming OC 16GB,NVIDIA Geforce / PCI Express 5.0 / 16 GB,Datorkomponenter/Grafikkort GPU/GeForce RTX,7499.0,7499.0,0.0,,,0,0,0,0,False,2026-02-22,16.0,NVIDIA Geforce,PCI Express 5.0,,ASUS,RTX 5060 Ti 16GB,Performance
382151,MSI GeForce RTX 5070 12G VENTUS 2X OC WHITE,NVIDIA Geforce / PCI Express 5.0 / 12 GB,Datorkomponenter/Grafikkort GPU/GeForce RTX,7599.0,7599.0,0.0,4.5,4.0,4,0,2,6,True,2026-02-22,12.0,NVIDIA Geforce,PCI Express 5.0,,MSI,RTX 5070 12GB,Value
378393,Sapphire PULSE RX 9070 GAMING 16 GB,AMD Radeon / PCI Express 5.0 x16 / 16 GB / 2070 MHz,Datorkomponenter/Grafikkort GPU/AMD Radeon,7675.0,7675.0,0.0,5.0,1.0,1,0,1,2,True,2026-02-22,16.0,AMD Radeon,PCI Express 5.0,2070.0,Sapphire,RX 9070 16GB,Performance
387899,Gigabyte Radeon RX 9070 GAMING 16GB,AMD Radeon / PCI Express 5.0 / 16 GB,Datorkomponenter/Grafikkort GPU/AMD Radeon,7699.0,7699.0,0.0,,,0,0,0,0,False,2026-02-22,16.0,AMD Radeon,PCI Express 5.0,,Gigabyte,RX 9070 16GB,Performance
382268,ASUS PRIME GeForce RTX 5070 12GB,NVIDIA Geforce / PCI Express 5.0 / 12 GB,Datorkomponenter/Grafikkort GPU/GeForce RTX,7759.0,7759.0,0.0,4.9,11.0,1,0,1,2,True,2026-02-22,12.0,NVIDIA Geforce,PCI Express 5.0,,ASUS,RTX 5070 12GB,Value
387373,ASUS GeForce RTX 5070 Dual 12GB,NVIDIA Geforce / PCI Express 5.0 / 12 GB,Datorkomponenter/Grafikkort GPU/GeForce RTX,7890.0,7890.0,0.0,,,0,0,0,0,False,2026-02-22,12.0,NVIDIA Geforce,PCI Express 5.0,,ASUS,RTX 5070 12GB,Value
383858,ASUS GeForce RTX 5060TI Dual 16GB,NVIDIA Geforce / PCI Express 5.0 / 16 GB / 2572 MHz,Datorkomponenter/Grafikkort GPU/GeForce RTX,7990.0,7990.0,0.0,,,0,0,0,0,False,2026-02-22,16.0,NVIDIA Geforce,PCI Express 5.0,2572.0,ASUS,RTX 5060 Ti 16GB,Value
383859,ASUS GeForce RTX 5060TI Prime OC 16GB,NVIDIA Geforce / PCI Express 5.0 / 16 GB,Datorkomponenter/Grafikkort GPU/GeForce RTX,7999.0,7999.0,0.0,4.0,1.0,5,0,3,8,True,2026-02-22,16.0,NVIDIA Geforce,PCI Express 5.0,,ASUS,RTX 5060 Ti 16GB,Value
382269,ASUS PRIME GeForce RTX 5070 12GB OC,NVIDIA Geforce / PCI Express 5.0 / 12 GB,Datorkomponenter/Grafikkort GPU/GeForce RTX,8490.0,8490.0,0.0,4.9,11.0,11,0,1,12,True,2026-02-22,12.0,NVIDIA Geforce,PCI Express 5.0,,ASUS,RTX 5070 12GB,Value
387371,Asus Dual GeForce RTX 5070 OC,NVIDIA Geforce / PCI Express 5.0 / 12 GB,Datorkomponenter/Grafikkort GPU/GeForce RTX,8490.0,8490.0,0.0,,,51,0,7,58,True,2026-02-22,12.0,NVIDIA Geforce,PCI Express 5.0,,ASUS,RTX 5070 12GB,Value
382149,MSI GeForce RTX 5070 12G GAMING TRIO OC,NVIDIA Geforce / PCI Express 5.0 / 12 GB,Datorkomponenter/Grafikkort GPU/GeForce RTX,8490.0,8490.0,0.0,,,6,0,17,23,True,2026-02-22,12.0,NVIDIA Geforce,PCI Express 5.0,,MSI,RTX 5070 12GB,Performance
381500,ASRock Radeon RX 9070 Challenger 16GB,AMD Radeon / PCI Express 5.0 x16 / 16 GB / 2070 MHz,Datorkomponenter/Grafikkort GPU/AMD Radeon,8490.0,8490.0,0.0,4.0,1.0,5,0,22,27,True,2026-02-22,16.0,AMD Radeon,PCI Express 5.0,2070.0,ASRock,RX 9070 16GB,Value
377915,Gigabyte Radeon RX 9070 XT GAMING OC 16GB,AMD Radeon / PCI Express 5.0 / 16 GB / 2520 MHz,Datorkomponenter/Grafikkort GPU/AMD Radeon,8499.0,8499.0,0.0,4.0,2.0,28,0,7,35,True,2026-02-22,16.0,AMD Radeon,PCI Express 5.0,2520.0,Gigabyte,RX 9070 XT 16GB,Performance
378391,Sapphire NITRO+ RX 9070 GAMING 16 GB,AMD Radeon / PCI Express 5.0 x16 / 16 GB / 2210 MHz,Datorkomponenter/Grafikkort GPU/AMD Radeon,8499.0,8499.0,0.0,5.0,1.0,2,0,2,4,True,2026-02-22,16.0,AMD Radeon,PCI Express 5.0,2210.0,Sapphire,RX 9070 16GB,Halo
383857,ASUS GeForce RTX 5060TI TUF Gaming 16GB,NVIDIA Geforce / PCI Express 5.0 / 16 GB,Datorkomponenter/Grafikkort GPU/GeForce RTX,8669.0,8669.0,0.0,,,0,0,0,0,False,2026-02-22,16.0,NVIDIA Geforce,PCI Express 5.0,,ASUS,RTX 5060 Ti 16GB,Performance
381503,ASRock Radeon RX 9070 XT Steel Legend 16GB,AMD Radeon / PCI Express 5.0 x16 / 16 GB / 2400 MHz,Datorkomponenter/Grafikkort GPU/AMD Radeon,8899.0,8899.0,0.0,4.8,5.0,0,0,0,0,False,2026-02-22,16.0,AMD Radeon,PCI Express 5.0,2400.0,ASRock,RX 9070 XT 16GB,Performance
382267,ASUS TUF Gaming GeForce RTX 5070 12GB OC,NVIDIA Geforce / PCI Express 5.0 / 12 GB,Datorkomponenter/Grafikkort GPU/GeForce RTX,8990.0,8990.0,0.0,5.0,2.0,30,0,15,45,True,2026-02-22,12.0,NVIDIA Geforce,PCI Express 5.0,,ASUS,RTX 5070 12GB,Performance
381502,ASRock Radeon RX 9070 16GB Steel Legend OC,AMD Radeon / PCI Express 5.0 x16 / 16 GB / 2210 MHz,Datorkomponenter/Grafikkort GPU/AMD Radeon,8999.0,8999.0,0.0,,,15,0,13,28,True,2026-02-22,16.0,AMD Radeon,PCI Express 5.0,2210.0,ASRock,RX 9070 16GB,Performance
387900,Gigabyte Radeon RX 9070 XT GAMING 16GB,AMD Radeon / PCI Express 5.0 / 16 GB,Datorkomponenter/Grafikkort GPU/AMD Radeon,8999.0,8999.0,0.0,,,0,0,0,0,False,2026-02-22,16.0,AMD Radeon,PCI Express 5.0,,Gigabyte,RX 9070 XT 16GB,Performance
389059,ASUS PRIME Radeon RX 9070 EVO 16GB OC Edition,AMD Radeon / PCI Express 5.0 / 16 GB,Datorkomponenter/Grafikkort GPU/AMD Radeon,9099.0,9099.0,0.0,,,20,0,0,20,True,2026-02-22,16.0,AMD Radeon,PCI Express 5.0,,ASUS,RX 9070 16GB,Value
377597,ASUS TUF Gaming Radeon RX 9070 16GB OC,AMD Radeon / PCI Express 5.0 / 16 GB,Datorkomponenter/Grafikkort GPU/AMD Radeon,9490.0,9490.0,0.0,,,0,0,0,0,False,2026-02-22,16.0,AMD Radeon,PCI Express 5.0,,ASUS,RX 9070 16GB,Performance
381501,ASRock Radeon RX 9070 XT Taichi 16GB OC,AMD Radeon / PCI Express 5.0 x16 / 16 GB / 2570 MHz,Datorkomponenter/Grafikkort GPU/AMD Radeon,9499.0,9499.0,0.0,5.0,4.0,0,0,0,0,False,2026-02-22,16.0,AMD Radeon,PCI Express 5.0,2570.0,ASRock,RX 9070 XT 16GB,Halo
384256,ASUS ROG Strix GeForce RTX 5070 12GB OC,NVIDIA Geforce / PCI Express 5.0 / 12 GB,Datorkomponenter/Grafikkort GPU/GeForce RTX,9990.0,9990.0,0.0,,,4,0,7,11,True,2026-02-22,12.0,NVIDIA Geforce,PCI Express 5.0,,ASUS,RTX 5070 12GB,Halo
384255,ASUS ROG Strix GeForce RTX 5070 12GB,NVIDIA Geforce / PCI Express 5.0 / 12 GB,Datorkomponenter/Grafikkort GPU/GeForce RTX,10190.0,10190.0,0.0,,,0,0,0,0,False,2026-02-22,12.0,NVIDIA Geforce,PCI Express 5.0,,ASUS,RTX 5070 12GB,Halo
378277,Gigabyte GeForce RTX 5070 Ti WINDFORCE OC SFF 16GB,NVIDIA Geforce / PCI Express 5.0 / 16 GB,Datorkomponenter/Grafikkort GPU/GeForce RTX,10490.0,10490.0,0.0,5.0,1.0,0,0,0,0,False,2026-02-22,16.0,NVIDIA Geforce,PCI Express 5.0,,Gigabyte,RTX 5070 Ti 16GB,Value
378338,ASUS PRIME GeForce RTX 5070 Ti 16GB OC,NVIDIA Geforce / PCI Express 5.0 / 16 GB,Datorkomponenter/Grafikkort GPU/GeForce RTX,11790.0,11790.0,0.0,4.8,11.0,0,0,0,0,False,2026-02-22,16.0,NVIDIA Geforce,PCI Express 5.0,,ASUS,RTX 5070 Ti 16GB,Value
384258,ASUS ROG Strix GeForce RTX 5070 Ti 16GB OC,NVIDIA Geforce / PCI Express 5.0 / 16 GB,Datorkomponenter/Grafikkort GPU/GeForce RTX,11990.0,11990.0,0.0,5.0,2.0,0,0,0,0,False,2026-02-22,16.0,NVIDIA Geforce,PCI Express 5.0,,ASUS,RTX 5070 Ti 16GB,Halo
378340,ASUS TUF Gaming GeForce RTX 5070 Ti 16GB OC,NVIDIA Geforce / PCI Express 5.0 / 16 GB,Datorkomponenter/Grafikkort GPU/GeForce RTX,12490.0,12490.0,0.0,5.0,9.0,0,0,0,0,False,2026-02-22,16.0,NVIDIA Geforce,PCI Express 5.0,,ASUS,RTX 5070 Ti 16GB,Performance
384257,ASUS ROG Strix GeForce RTX 5070 Ti 16GB,NVIDIA Geforce / PCI Express 5.0 / 16 GB,Datorkomponenter/Grafikkort GPU/GeForce RTX,12990.0,12990.0,0.0,5.0,2.0,0,0,0,0,False,2026-02-22,16.0,NVIDIA Geforce,PCI Express 5.0,,ASUS,RTX 5070 Ti 16GB,Halo
378274,Gigabyte Aorus GeForce RTX 5070 Ti MASTER 16GB,NVIDIA Geforce / PCI Express 5.0 / 16 GB,Datorkomponenter/Grafikkort GPU/GeForce RTX,13199.0,13199.0,0.0,,,0,0,0,0,False,2026-02-22,16.0,NVIDIA Geforce,PCI Express 5.0,,Gigabyte,RTX 5070 Ti 16GB,Halo
394287,INNO3D GeForcec RTX 5080 X3 OC,NVIDIA Geforce / PCI Express 5.0 / 16 GB / 2295 MHz,Datorkomponenter/Grafikkort GPU/GeForce RTX,13490.0,13490.0,0.0,,,43,0,1,44,True,2026-02-22,16.0,NVIDIA Geforce,PCI Express 5.0,2295.0,INNO3D,RTX 5080 16GB,Value
377913,Gigabyte GeForce RTX 5080 WINDFORCE SFF OC 16GB,NVIDIA Geforce / PCI Express 5.0 / 16 GB,Datorkomponenter/Grafikkort GPU/GeForce RTX,14990.0,14990.0,0.0,5.0,2.0,1,0,1,2,True,2026-02-22,16.0,NVIDIA Geforce,PCI Express 5.0,,Gigabyte,RTX 5080 16GB,Value
377217,ASUS Prime GeForce RTX 5080 16GB OC,NVIDIA Geforce / PCI Express 5.0 / 16 GB,Datorkomponenter/Grafikkort GPU/GeForce RTX,17490.0,17490.0,0.0,5.0,9.0,0,0,0,0,False,2026-02-22,16.0,NVIDIA Geforce,PCI Express 5.0,,ASUS,RTX 5080 16GB,Value
377216,ASUS TUF Gaming GeForce RTX 5080 16GB OC,NVIDIA Geforce / PCI Express 5.0 / 16 GB,Datorkomponenter/Grafikkort GPU/GeForce RTX,17990.0,17990.0,0.0,4.7,9.0,0,0,0,0,False,2026-02-22,16.0,NVIDIA Geforce,PCI Express 5.0,,ASUS,RTX 5080 16GB,Performance
377807,Gigabyte GeForce RTX 5080 Aorus Master 16GB,NVIDIA Geforce / PCI Express 5.0 / 16 GB,Datorkomponenter/Grafikkort GPU/GeForce RTX,18490.0,18490.0,0.0,,,0,0,0,0,False,2026-02-22,16.0,NVIDIA Geforce,PCI Express 5.0,,Gigabyte,RTX 5080 16GB,Halo
389058,ASUS ProArt GeForce RTX 5080 16GB,NVIDIA Geforce / PCI Express 5.0 / 16 GB,Datorkomponenter/Grafikkort GPU/GeForce RTX,18890.0,18890.0,0.0,,,0,0,0,0,False,2026-02-22,16.0,NVIDIA Geforce,PCI Express 5.0,,ASUS,RTX 5080 16GB,Performance
389061,ASUS ProArt GeForce RTX 5080 16GB OC,NVIDIA Geforce / PCI Express 5.0 / 16 GB,Datorkomponenter/Grafikkort GPU/GeForce RTX,18990.0,18990.0,0.0,,,4,0,7,11,True,2026-02-22,16.0,NVIDIA Geforce,PCI Express 5.0,,ASUS,RTX 5080 16GB,Performance
377897,ASUS TUF Gaming GeForce RTX 5080 16GB,NVIDIA Geforce / PCI Express 5.0 / 16 GB,Datorkomponenter/Grafikkort GPU/GeForce RTX,18990.0,18990.0,0.0,4.7,9.0,0,0,0,0,False,2026-02-22,16.0,NVIDIA Geforce,PCI Express 5.0,,ASUS,RTX 5080 16GB,Performance
377808,Gigabyte GeForce RTX 5080 AERO OC 16GB,NVIDIA Geforce / PCI Express 5.0 / 16 GB,Datorkomponenter/Grafikkort GPU/GeForce RTX,18990.0,18990.0,0.0,,,0,0,0,0,False,2026-02-22,16.0,NVIDIA Geforce,PCI Express 5.0,,Gigabyte,RTX 5080 16GB,Performance
377215,ASUS ROG ASTRAL GeForce RTX 5080 16GB OC,NVIDIA Geforce / PCI Express 5.0 / 16 GB,Datorkomponenter/Grafikkort GPU/GeForce RTX,20290.0,20290.0,0.0,4.3,6.0,0,0,0,0,False,2026-02-22,16.0,NVIDIA Geforce,PCI Express 5.0,,ASUS,RTX 5080 16GB,Halo
389062,ASUS GeForce RTX 5080 16GB Noctua OC,NVIDIA Geforce / PCI Express 5.0 / 16 GB,Datorkomponenter/Grafikkort GPU/GeForce RTX,20799.0,20799.0,0.0,,,3,0,4,7,True,2026-02-22,16.0,NVIDIA Geforce,PCI Express 5.0,,ASUS,RTX 5080 16GB,Halo
377898,ASUS ROG ASTRAL GeForce RTX 5080 16GB,NVIDIA Geforce / PCI Express 5.0 / 16 GB,Datorkomponenter/Grafikkort GPU/GeForce RTX,20990.0,20990.0,0.0,4.3,6.0,0,0,0,0,False,2026-02-22,16.0,NVIDIA Geforce,PCI Express 5.0,,ASUS,RTX 5080 16GB,Halo
378335,ASUS ROG Astral GeForce RTX 5090 32GB,NVIDIA Geforce / PCI Express 5.0 / 32 GB,Datorkomponenter/Grafikkort GPU/GeForce RTX,33990.0,33990.0,0.0,4.9,11.0,0,0,0,0,False,2026-02-22,32.0,NVIDIA Geforce,PCI Express 5.0,,ASUS,RTX 5090 32GB,Halo
378272,Gigabyte GeForce RTX 5090 GAMING OC 32GB,NVIDIA Geforce / PCI Express 5.0 / 32 GB,Datorkomponenter/Grafikkort GPU/GeForce RTX,33990.0,33990.0,0.0,,,0,0,0,0,False,2026-02-22,32.0,NVIDIA Geforce,PCI Express 5.0,,Gigabyte,RTX 5090 32GB,Performance
378337,ASUS TUF Gaming GeForce RTX 5090 32GB,NVIDIA Geforce / PCI Express 5.0 / 32 GB,Datorkomponenter/Grafikkort GPU/GeForce RTX,34990.0,34990.0,0.0,4.7,6.0,1,0,1,2,True,2026-02-22,32.0,NVIDIA Geforce,PCI Express 5.0,,ASUS,RTX 5090 32GB,Performance
378273,Gigabyte GeForce RTX 5090 WINDFORCE OC 32GB,NVIDIA Geforce / PCI Express 5.0 / 32 GB,Datorkomponenter/Grafikkort GPU/GeForce RTX,34990.0,34990.0,0.0,5.0,1.0,0,0,0,0,False,2026-02-22,32.0,NVIDIA Geforce,PCI Express 5.0,,Gigabyte,RTX 5090 32GB,Value
378737,ASUS ROG Astral LC GeForce RTX 5090 GAMING 32G OC,NVIDIA Geforce / PCI Express 5.0 / 32 GB,Datorkomponenter/Grafikkort GPU/GeForce RTX,35490.0,35490.0,0.0,3.7,3.0,0,0,0,0,False,2026-02-22,32.0,NVIDIA Geforce,PCI Express 5.0,,ASUS,RTX 5090 32GB,Halo
378334,ASUS ROG Astral GeForce RTX 5090 32GB OC,NVIDIA Geforce / PCI Express 5.0 / 32 GB,Datorkomponenter/Grafikkort GPU/GeForce RTX,36990.0,36990.0,0.0,4.9,11.0,0,0,0,0,False,2026-02-22,32.0,NVIDIA Geforce,PCI Express 5.0,,ASUS,RTX 5090 32GB,Halo
394281,INNO3D GeForce RTX 5090 X3 OC,NVIDIA Geforce / PCI Express 5.0 / 32 GB / 2017 MHz,Datorkomponenter/Grafikkort GPU/GeForce RTX,35990.0,35990.0,0.0,,,17,0,1,18,True,2026-02-22,32.0,NVIDIA Geforce,PCI Express 5.0,2017.0,INNO3D,RTX 5090 32GB,Value
392796,Gigabyte GeForce RTX 5090 AORUS MASTER 32GB,NVIDIA Geforce / PCI Express 5.0 / 32 GB / 2655 MHz,Datorkomponenter/Grafikkort GPU/GeForce RTX,36025.0,36025.0,0.0,,,0,0,0,0,False,2026-02-22,32.0,NVIDIA Geforce,PCI Express 5.0,2655.0,Gigabyte,RTX 5090 32GB,Halo
378336,ASUS TUF Gaming GeForce RTX 5090 32GB OC,NVIDIA Geforce / PCI Express 5.0 / 32 GB,Datorkomponenter/Grafikkort GPU/GeForce RTX,36990.0,36990.0,0.0,4.7,6.0,0,0,0,0,False,2026-02-22,32.0,NVIDIA Geforce,PCI Express 5.0,,ASUS,RTX 5090 32GB,Performance
378738,ASUS ROG Astral LC GeForce RTX 5090 GAMING 32GB,NVIDIA Geforce / PCI Express 5.0 / 32 GB,Datorkomponenter/Grafikkort GPU/GeForce RTX,37990.0,37990.0,0.0,3.7,3.0,0,0,0,0,False,2026-02-22,32.0,NVIDIA Geforce,PCI Express 5.0,,ASUS,RTX 5090 32GB,Halo
